file_id,file_name,file_type,duration_seconds
1,19970723_2.mp3,audio,643
2,19971230_1.mp3,audio,885
3,19971230_2.mp3,audio,253
4,19971230_3.mp3,audio,458
5,19971230_4.mp3,audio,456
6,19971230_5.mp3,audio,342
7,19971230_6.mp3,audio,486
8,19971230_7.mp3,audio,294
9,19971230_8.mp3,audio,496
10,19971230_9.mp3,audio,251
11,19971230_10.mp3,audio,314
12,19971230_11.mp3,audio,182
13,19980214_1.mp3,audio,133
14,19980228_1.mp3,audio,102
15,19980228_2.mp3,audio,74
16,19980512_1.mp3,audio,77
17,19980701_1.mp3,audio,61
18,19980708_1.mp3,audio,45
19,19980708_2.mp3,audio,40
20,19980708_3.mp3,audio,157
21,19980910_1.mp3,audio,80
22,19980910_2.mp3,audio,93
23,19980910_3.mp3,audio,118
24,19980910_4.mp3,audio,66
25,19980910_5.mp3,audio,76
26,19980917_1.mp3,audio,260
27,19980930_1.mp3,audio,76
28,19980930_2.mp3,audio,127
29,19980930_3.mp3,audio,198
30,19980930_4.mp3,audio,77
31,19981119_1.mp3,audio,60
32,19981119_2.mp3,audio,85
33,19981119_3.mp3,audio,194
34,19981119_4.mp3,audio,417
35,19981119_5.mp3,audio,37
36,19981217_1.mp3,audio,146
37,19981217_2.mp3,audio,127
38,19990114_1.mp3,audio,95
39,19990114_2.mp3,audio,99
40,19990114_3.mp3,audio,194
41,19990114_4.mp3,audio,411
42,19990131_1.mp3,audio,197
43,19990131_2.mp3,audio,208
44,19990408_1.mp3,audio,107
45,19990408_2.mp3,audio,90
46,19990506_1.mp3,audio,310
47,19991106_1.mp3,audio,223
48,19991106_2.mp3,audio,268
49,20000622_2.mp3,audio,264
50,20000622_4.mp3,audio,304
51,20000714_1.mp3,audio,434
52,20000714_2.mp3,audio,434
53,20000714_8.mp3,audio,100
54,20000803_3.mp3,audio,448
55,20000803_4.mp3,audio,211
56,20000816_1.mp3,audio,141
57,20000831_1.mp3,audio,456
58,20000831_2.mp3,audio,982
59,20001005_1.mp3,audio,221
60,20001130_1.mp3,audio,351
61,20001130_2.mp3,audio,196
62,20001130_3.mp3,audio,316
63,20001130_5.mp3,audio,273
64,20001228_1.mp3,audio,256
65,20010111_1.mp3,audio,137
66,20010111_2.mp3,audio,174
67,20010111_3.mp3,audio,14
68,20010111_4.mp3,audio,279
69,20010111_5.mp3,audio,231
70,20010128_1.mp3,audio,239
71,20010128_2.mp3,audio,274
72,20010128_3.mp3,audio,112
73,20010221_1.mp3,audio,329
74,20010314_1.mp3,audio,333
75,20010314_2.mp3,audio,306
76,20010314_3.mp3,audio,229
77,20010314_4.mp3,audio,192
78,20010314_5.mp3,audio,154
79,20010502_1.mp3,audio,294
80,20010502_2.mp3,audio,230
81,20010516_1.mp3,audio,248
82,20010602_1.mp3,audio,272
83,20010605_1.mp3,audio,255
84,20010605_2.mp3,audio,262
85,20010605_3.mp3,audio,576
86,20010605_4.mp3,audio,424
87,20010620_1.mp3,audio,245
88,20010801_1.mp3,audio,153
89,20010801_2.mp3,audio,345
90,20010822_1.mp3,audio,246
91,20010822_2.mp3,audio,259
92,20010822_3.mp3,audio,184
93,20011010_1.mp3,audio,220
94,20011010_2.mp3,audio,314
95,20011010_3.mp3,audio,225
96,20011010_4.mp3,audio,274
97,20011010_5.mp3,audio,251
98,20011010_6.mp3,audio,228
99,20011010_8.mp3,audio,328
100,20011107_1.mp3,audio,268
101,20011107_2.mp3,audio,213
102,20011107_3.mp3,audio,209
103,20011117_1.mp3,audio,125
104,20011117_2.mp3,audio,146
105,20011117_3.mp3,audio,172
106,20011212_1.mp3,audio,122
107,20011212_2.mp3,audio,290
108,20011212_3.mp3,audio,275
109,20011212_4.mp3,audio,136
110,20011212_5.mp3,audio,125
111,20011212_6.mp3,audio,365
112,20011212_7.mp3,audio,395
113,20020502_1.mp3,audio,223
114,20020502_2.mp3,audio,341
115,20020502_3.mp3,audio,339
116,20020502_4.mp3,audio,305
117,StormPigs20021024_1_fleshmachine.mp4,video,503
118,StormPigs20021024_2_fountainofstillness.mp4,video,1182
119,StormPigs20021024_3_gettingold.mp4,video,786
120,StormPigs20021024_4_hollowbody.mp4,video,565
121,StormPigs20021024_5_likeadrugaddict.mp4,video,438
122,StormPigs20030910_1_20030910dvdtitle.mp4,video,35
123,StormPigs20030910_2_thesmackdown.mp4,video,242
124,StormPigs20030910_3_straighteye.mp4,video,433
125,StormPigs20030910_4_snowballfromhell.mp4,video,716
126,StormPigs20030910_5_limitedrespect.mp4,video,525
127,StormPigs20030910_6_christmashedied.mp4,video,146
128,StormPigs20030910_7_sounding.mp4,video,958
129,StormPigs20030910_8_CurtisMartin.mp4,video,658
130,20041221_1.mp3,audio,324
131,20041221_2.mp3,audio,756
132,20041221_3.mp3,audio,1105
133,20041221_4.mp3,audio,414
134,20041221_5.mp3,audio,664
135,20050303_1.mp3,audio,360
136,20050303_2.mp3,audio,445
137,20050303_3.mp3,audio,387
138,20050303_4.mp3,audio,794
139,20050303_5.mp3,audio,469
140,20050303_6.mp3,audio,584
141,20050303_7.mp3,audio,596
142,20050303_8.mp3,audio,392
143,20050303_9.mp3,audio,1134
144,20050303_10.mp3,audio,346
145,StormPigs20050721_1_Exposed.mp4,video,
146,StormPigs20050721_2_DeathValley.mp4,video,
147,StormPigs20050721_3_PumpkinSongRockAgainstTerror.mp4,video,
148,StormPigs20050721_4_RammingSpeed.mp4,video,
149,StormPigs20050721_5_filthyinterlude.mp4,video,
150,StormPigs20050721_6_NothingbutBadNoose.mp4,video,
151,StormPigs20050721_7_IsThistheCaribbean.mp4,video,
152,StormPigs20050721_8_TownCalledMalice.mp4,video,
153,StormPigs20050721_9_Sparks.mp4,video,
154,StormPigs20050721_10_SympathyforelSpaceDiablo.mp4,video,
155,StormPigs20050721_11_TheJokerDrunkenBoxingremix-MyScrotum.mp4,video,
156,StormPigs20050721_12_DidntKnowWhatIDidntKnow.mp4,video,
157,StormPigs20050721_13_NoTurningBack.mp4,video,
158,StormPigs20060406_1_1.mp4,video,
159,StormPigs20060406_2_2.mp4,video,
160,StormPigs20060406_3_3.mp4,video,
161,StormPigs20060406_4_mary.mp4,video,598
162,StormPigs20060406_5_5.mp4,video,
163,StormPigs20060406_6_hallucination.mp4,video,522
164,StormPigs20060406_7_7.mp4,video,
165,StormPigs20060406_8_8.mp4,video,
166,StormPigs20060406_9_9.mp4,video,
167,StormPigs20060406_10_10.mp4,video,
168,StormPigs20060406_11_introducing.mp4,video,289
169,StormPigs20060627_1_GetOff.mp4,video,502
170,StormPigs20060627_2_Wallace.mp4,video,650
171,StormPigs20060627_3_Break.mp4,video,67
172,StormPigs20060627_4_ShoutOutfromtheCloset.mp4,video,1017
173,StormPigs20060627_5_ExtraneousMatter.mp4,video,401
174,StormPigs20060627_6_MeanRide.mp4,video,421
175,StormPigs20060627_7_NoAlternative.mp4,video,755
176,StormPigs20060831_1_DamnSpirograph.mp4,video,404
177,StormPigs20060831_2_WeeYoYo.mp4,video,857
178,StormPigs20060831_3_DigThatHoleChineseDemocracy.mp4,video,349
179,StormPigs20060831_4_SummerNightFeelin.mp4,video,492
180,StormPigs20060831_5_HardLuckSemaphoreMonkey.mp4,video,181
181,StormPigs20060831_6_Blues.mp4,video,564
182,StormPigs20060831_7_NastyDancer.mp4,video,497
183,StormPigs20060831_8_Infusion.mp4,video,531
184,StormPigs20060831_9_CloudsofAsphalt.mp4,video,382
185,StormPigs20060831_10_MaestroPlease.mp4,video,597
186,StormPigs20060831_11_IRememberYou.mp4,video,355
187,StormPigs20060831_12_SilverLining.mp4,video,230
188,StormPigs20060831_13_WashedAway.mp4,video,537
189,StormPigs20060831_14_Punked.mp4,video,329
190,StormPigs20061102_1_Intro.mp4,video,35
191,StormPigs20061102_2_Mudslide.mp4,video,394
192,StormPigs20061102_3_GoodDontMatterNoMo.mp4,video,511
193,StormPigs20061102_4_HunkaChunka.mp4,video,613
194,StormPigs20061102_5_Hi.mp4,video,250
195,StormPigs20061102_6_LapItUpTheHardThing.mp4,video,381
196,StormPigs20061102_7_PetriDish.mp4,video,271
197,StormPigs20061102_8_ForTheMoney.mp4,video,424
198,StormPigs20061102_9_AttackShipsoffTheShoulderofOrion.mp4,video,635
199,StormPigs20070111_1_DramaticIntroduction.mp4,video,32
200,StormPigs20070111_2_BringthePain.mp4,video,416
201,StormPigs20070111_3_DigaLittleDeeper.mp4,video,361
202,StormPigs20070111_4_SpaceHo.mp4,video,369
203,StormPigs20070111_5_NumbaOneConcept.mp4,video,402
204,StormPigs20070111_6_geetarcommentary.mp4,video,27
205,StormPigs20070111_7_FarFromHome.mp4,video,441
206,StormPigs20070111_8_CaughtintheMiddle.mp4,video,623
207,StormPigs20070111_9_OpenedMyThirdEye.mp4,video,443
208,StormPigs20070111_10_SurfStylings.mp4,video,504
209,StormPigs20070111_11_GAK.mp4,video,496
210,StormPigs20070111_12_EvertheBrighter.mp4,video,417
211,StormPigs20070111_13_ForceFed.mp4,video,557
212,StormPigs20070113_1_ThatsIt.mp4,video,1048
213,StormPigs20070227_1_tosurfandprotect.mp4,video,509
214,StormPigs20070227_2_wegottheplums.mp4,video,358
215,StormPigs20070227_3_sweetnoodle.mp4,video,316
216,StormPigs20070227_4_introductionofmaximus.mp4,video,51
217,StormPigs20070227_5_showontheroad.mp4,video,710
218,StormPigs20070227_6_fagenscat.mp4,video,433
219,StormPigs20070227_7_sonicbullet.mp4,video,47
220,StormPigs20070227_8_searchingforsomething.mp4,video,644
221,StormPigs20070227_9_muddybethemwaters.mp4,video,593
222,StormPigs20070912_1_eyeopener.mp4,video,503
223,StormPigs20070912_2_JimmyJazz.mp4,video,250
224,StormPigs20070912_3_drumintermezzo.mp4,video,60
225,StormPigs20070912_4_RoadRunner.mp4,video,392
226,StormPigs20070912_5_ItistheQuestion.mp4,video,559
227,StormPigs20070912_6_TheEye.mp4,video,286
228,StormPigs20070912_7_Ragnorok.mp4,video,500
229,StormPigs20070912_8_NickelandDime.mp4,video,365
230,StormPigs20070912_9_AK.mp4,video,519
231,StormPigs20070912_10_HillbillyBlues.mp4,video,742
232,StormPigs20070912_11_WhatIsItYouSayYouDoHere.mp4,video,793
233,StormPigs20070912_12_keyboardistbreakdown.mp4,video,171
234,StormPigs20070912_13_CantPleaseemAlltheTime.mp4,video,436
235,StormPigs20070912_14_DiscoVolante.mp4,video,241
236,StormPigs20080206_1_keepmewhole.mp4,video,508
237,StormPigs20080206_2_ludefueled.mp4,video,477
238,StormPigs20080206_3_bluesgroove.mp4,video,382
239,StormPigs20080206_4_sweethoneyjah.mp4,video,455
240,StormPigs20080206_5_noodlesoup.mp4,video,653
241,StormPigs20080206_6_takethefngloadoff.mp4,video,131
242,StormPigs20080206_7_wheresCarlos.mp4,video,439
243,StormPigs20080206_8_takecarepeople.mp4,video,107
244,StormPigs20080206_9_grindhouse.mp4,video,430
245,StormPigs20080206_10_goingnowhere.mp4,video,1091
246,StormPigs20080206_11_inthelineofi.mp4,video,318
247,StormPigs20080206_12_democrew.mp4,video,276
248,StormPigs20080206_13_drunksong.mp4,video,245
249,StormPigs20080206_14_shortandsour.mp4,video,119
250,StormPigs20080206_15_whereveryougo.mp4,video,359
251,StormPigs20080206_16_poundingthepavement.mp4,video,291
252,StormPigs20080206_17_PeterGunn.mp4,video,347
253,StormPigs20080403_1_rootingaround.mp4,video,541
254,StormPigs20080403_2_sometimeshoney.mp4,video,467
255,StormPigs20080403_3_interrogative.mp4,video,850
256,StormPigs20080403_4_betterdays.mp4,video,971
257,StormPigs20080403_5_thinkingoutloud.mp4,video,1000
258,StormPigs20080403_6_TheTraveler.mp4,video,1290
259,StormPigs20080403_7_sneakyboy.mp4,video,301
260,StormPigs20080821_1_SomeonesKnocking.mp4,video,550
261,StormPigs20080821_2_ZepItUp.mp4,video,519
262,StormPigs20080821_3_Rhinoceros.mp4,video,378
263,StormPigs20080821_4_PrideNJoy.mp4,video,226
264,StormPigs20080821_5_A.mp4,video,892
265,StormPigs20080821_6_CircadianRhythym.mp4,video,490
266,StormPigs20080821_7_DeadforYou.mp4,video,505
267,StormPigs20080821_8_nevertogether.mp4,video,482
268,StormPigs20080821_9_WhitePeopleJohnMcCainis.mp4,video,720
269,StormPigs20080821_10_PedroNormo.mp4,video,401
270,StormPigs20080821_11_AnkhsimusFunk.mp4,video,513
271,StormPigs20080821_12_GoodnightLadiesandGentlemen.mp4,video,73
272,StormPigs20081016_1_firstgear.mp4,video,242
273,StormPigs20081016_2_candy.mp4,video,431
274,StormPigs20081016_3_taleofelgordo.mp4,video,458
275,StormPigs20081016_4_rollya.mp4,video,497
276,StormPigs20081016_5_sleptontheFagain.mp4,video,265
277,StormPigs20081016_6_noeasypiece.mp4,video,430
278,StormPigs20081016_7_wecandothat.mp4,video,508
279,StormPigs20081016_8_journeyof1000miles.mp4,video,727
280,StormPigs20081016_9_thesign.mp4,video,534
281,StormPigs20081030_1_shakeitloose.mp4,video,356
282,StormPigs20081030_2_socialcommentary.mp4,video,109
283,StormPigs20081030_3_happyman.mp4,video,538
284,StormPigs20081030_4_stillonmymind.mp4,video,431
285,StormPigs20081030_5_joetheplumber.mp4,video,499
286,StormPigs20081030_6_countryfuckstomp.mp4,video,287
287,StormPigs20081030_7_barethemark.mp4,video,337
288,StormPigs20081030_8_sativa.mp4,video,442
289,StormPigs20081030_9_littledose.mp4,video,649
290,StormPigs20081030_10_mababee.mp4,video,520
291,StormPigs20081030_11_esotericswamp.mp4,video,621
292,StormPigs20090226_1_CreepinUp.mp4,video,525
293,StormPigs20090226_2_KickItOver.mp4,video,545
294,StormPigs20090226_3_HazardCondition.mp4,video,266
295,StormPigs20090226_4_noodleblues.mp4,video,130
296,StormPigs20090226_5_ArneSaknussemm.mp4,video,711
297,StormPigs20090226_6_AverageWhiteBoyBlues.mp4,video,377
298,StormPigs20090226_7_Git.mp4,video,543
299,StormPigs20090226_8_TheReligiousHour.mp4,video,225
300,StormPigs20090226_9_WeLovesDaLadies.mp4,video,138
301,StormPigs20090226_10_TheCuckhold.mp4,video,506
302,StormPigs20090226_11_songtobesoldtonissan.mp4,video,284
303,StormPigs20090226_12_TheAmero.mp4,video,587
304,StormPigs20090226_13_RepublicanBlues.mp4,video,343
305,StormPigs20090226_14_BedsTooBigWithoutYou.mp4,video,387
306,StormPigs20090226_15_SweetJane.mp4,video,236
307,StormPigs20090430_1_fightterror.mp4,video,682
308,StormPigs20090430_2_sunnyup.mp4,video,387
309,StormPigs20090430_3_utterthetruth.mp4,video,466
310,StormPigs20090430_4_tighties.mp4,video,285
311,StormPigs20090430_5_digitalclipping.mp4,video,429
312,StormPigs20090430_6_dullalarm.mp4,video,466
313,StormPigs20090430_7_seethroughyourskull.mp4,video,398
314,StormPigs20090430_8_terrorfromtheskies.mp4,video,173
315,StormPigs20090430_9_slowbank.mp4,video,546
316,StormPigs20090430_10_brandyourselfmonkey.mp4,video,911
317,StormPigs20090514_1_reignoverme.mp4,video,471
318,StormPigs20090514_2_slippy.mp4,video,424
319,StormPigs20090514_3_stormpigsasspat.mp4,video,49
320,StormPigs20090514_4_warmuprocker.mp4,video,421
321,StormPigs20090514_5_seborreahjazz.mp4,video,602
322,StormPigs20090514_6_murrayhillbillyjam.mp4,video,565
323,StormPigs20090514_7_milfcriesscotto.mp4,video,63
324,StormPigs20090514_8_swabbedintherightplaces.mp4,video,944
325,StormPigs20090514_9_twomanluge.mp4,video,195
326,StormPigs20090514_10_fadeaway.mp4,video,231
327,StormPigs20090514_11_proto.mp4,video,693
328,StormPigs20090514_12_themerskdescended.mp4,video,438
329,StormPigs20090514_13_overfortywiringissues.mp4,video,543
330,StormPigs20090603_1_thebigeasy.mp4,video,595
331,StormPigs20090603_2_nowthatsrockandroll.mp4,video,582
332,StormPigs20090603_3_lifecycle.mp4,video,979
333,StormPigs20090603_4_whatswrongwithhappiness.mp4,video,347
334,StormPigs20090603_5_islandrock.mp4,video,1131
335,StormPigs20090603_6_lafonque.mp4,video,598
336,StormPigs20090603_7_theflavor.mp4,video,576
337,StormPigs20090603_8_mordorblues.mp4,video,578
338,StormPigs20090730_1_abadtaste.mp4,video,382
339,StormPigs20090730_2_nycraga.mp4,video,505
340,StormPigs20090730_3_disjointedbitch.mp4,video,642
341,StormPigs20090730_4_anytimesforcefeeding.mp4,video,555
342,StormPigs20090730_5_myprincessfullofvice.mp4,video,310
343,StormPigs20090730_6_theplump.mp4,video,654
344,StormPigs20090730_7_faggotyjazz.mp4,video,1010
345,StormPigs20090730_8_lowpassinterruptus.mp4,video,299
346,StormPigs20091215_1_mudderhead.mp4,video,128
347,StormPigs20091215_2_spaces.mp4,video,948
348,StormPigs20091215_3_velvetglambag.mp4,video,308
349,StormPigs20091215_4_leaveroomfordaddy.mp4,video,470
350,StormPigs20091215_5_hedtrip.mp4,video,618
351,StormPigs20091215_6_gowanus.mp4,video,393
352,StormPigs20100128_1_workerbee.mp4,video,524
353,StormPigs20100128_2_bigpan.mp4,video,425
354,StormPigs20100128_3_ridiculousinterlude.mp4,video,195
355,StormPigs20100128_4_bikerboothoney.mp4,video,481
356,StormPigs20100128_5_hunter-thrilla.mp4,video,594
357,StormPigs20100128_6_bloodshedattheotb.mp4,video,147
358,StormPigs20100128_7_wetphallus.mp4,video,644
359,StormPigs20100128_8_cakebloch.mp4,video,178
360,StormPigs20100128_9_herestotheyellownblue.mp4,video,520
361,StormPigs20100128_10_desperado.mp4,video,212
362,StormPigs20100128_11_peachulator.mp4,video,528
363,StormPigs20100926_1_fakeplastictrees.mp4,video,354
364,StormPigs20100926_2_heartbreakerjam.mp4,video,349
365,StormPigs20100926_3_blockhead.mp4,video,509
366,StormPigs20100926_4_countryroad.mp4,video,638
367,StormPigs20100926_5_asgodmademe.mp4,video,52
368,StormPigs20100926_6_honkytank.mp4,video,877
369,StormPigs20100926_7_bayoustomp.mp4,video,503
370,StormPigs20100926_8_lowenergywoes.mp4,video,38
371,StormPigs20100926_9_bigoleriver.mp4,video,1037
372,StormPigs20101028_1_getback.mp4,video,313
373,StormPigs20101028_2_canthardlywait.mp4,video,311
374,StormPigs20101028_3_rambleon.mp4,video,222
375,StormPigs20101028_4_comfortzone.mp4,video,699
376,StormPigs20101028_5_intermezzo.mp4,video,81
377,StormPigs20101028_6_midnightrambler.mp4,video,639
378,StormPigs20101028_7_nowingedpig.mp4,video,1066
379,StormPigs20101028_8_nightdescent.mp4,video,482
380,StormPigs20101028_9_sympathetiqueadiablo.mp4,video,610
381,StormPigs20101028_10_johnnyb.mp4,video,215
382,StormPigs20101228_1_pump.mp4,video,582
383,StormPigs20101228_2_heartattackblues.mp4,video,385
384,StormPigs20101228_3_laydownevilG.mp4,video,347
385,StormPigs20101228_4_fBooked.mp4,video,437
386,StormPigs20101228_5_charam.mp4,video,570
387,StormPigs20101228_6_dirtysanchez.mp4,video,689
388,StormPigs20101228_7_faith.mp4,video,746
389,StormPigs20101228_8_vietnamistan.mp4,video,433
390,StormPigs20101228_9_thatsnotahatthatsacabbage.mp4,video,537
391,StormPigs20101228_10_holidayjoy.mp4,video,49
392,StormPigs20101228_11_finearabcharger.mp4,video,429
393,StormPigs20101228_12_fringthebunk.mp4,video,735
394,StormPigs20101228_13_debtville.mp4,video,438
395,StormPigs20101228_14_butwhoarewetosay.mp4,video,468
396,StormPigs20121126_1_channelingFrank.mp4,video,87
397,StormPigs20121126_2_peach-ykeen.mp4,video,585
398,StormPigs20121126_3_letitgo.mp4,video,168
399,StormPigs20121126_4_sidestreetscam.mp4,video,498
400,StormPigs20121126_5_freshasadaisy.mp4,video,417
401,StormPigs20121126_6_sightforsoreeyes.mp4,video,777
402,StormPigs20121126_7_munstersgroove.mp4,video,536
403,StormPigs20121126_8_boywantsasalad.mp4,video,527
404,StormPigs20121126_9_hillibillyhop.mp4,video,873
405,StormPigs20121126_10_crashdive.mp4,video,568
406,StormPigs20121126_11_beenherebefore.mp4,video,777
407,StormPigs20121126_12_tightywhiteys.mp4,video,265
408,StormPigs20121126_13_gotstastaypositive.mp4,video,322
409,StormPigs20121126_14_noreprieve_bolts.mp4,video,373
410,StormPigs20131119_1_radicalnewworld.mp4,video,689
411,StormPigs20131119_2_attachyourself.mp4,video,550
412,StormPigs20131119_3_sexysuburbansm.mp4,video,1008
413,StormPigs20131119_4_inthebeginning.mp4,video,625
414,StormPigs20131119_5_pchoffrant.mp4,video,194
415,StormPigs20131119_6_musicbizwoes.mp4,video,353
416,StormPigs20131119_7_austriandancegroove.mp4,video,338
417,StormPigs20131119_8_submission.mp4,video,251
418,StormPigs20131119_9_psycosmicstrokejob.mp4,video,1461
419,StormPigs20131227_1_balladofskinnynick.mp4,video,353
420,StormPigs20131227_2_astormpigsholidaytoast.mp4,video,50
421,StormPigs20131227_3_vfwrfd.mp4,video,638
422,StormPigs20131227_4_thisbottle.mp4,video,806
423,StormPigs20131227_5_playthegame.mp4,video,495
424,StormPigs20131227_6_wolvesandlambs.mp4,video,617
425,StormPigs20131227_7_whatishappening.mp4,video,586
426,StormPigs20131227_8_justareprise.mp4,video,1062
427,StormPigs20131227_9_dig.mp4,video,775
428,StormPigs20131227_10_likeanangel.mp4,video,348
429,StormPigs20131227_11_thewheelturns.mp4,video,634
430,StormPigs20131227_12_sevenyearblues.mp4,video,675
431,StormPigs20131227_13_straycatoutro.mp4,video,381
432,StormPigs20140416_1_igotwood.mp4,video,490
433,StormPigs20140416_2_shutup.mp4,video,90
434,StormPigs20140416_3_cocoonboys.mp4,video,90
435,StormPigs20140416_4_kingkong.mp4,video,418
436,StormPigs20140416_5_hardrocker.mp4,video,386
437,StormPigs20140416_6_lebatree.mp4,video,596
438,StormPigs20140416_7_heblows.mp4,video,69
439,StormPigs20140416_8_rumblintrain.mp4,video,260
440,StormPigs20140416_9_dimthelights.mp4,video,785
441,StormPigs20140416_10_jellybean.mp4,video,293
442,StormPigs20140416_11_youalwaysdo.mp4,video,361
443,StormPigs20140416_12_rollingroove.mp4,video,534
444,StormPigs20140416_13_sweetestalibi.mp4,video,598
445,StormPigs20140416_14_introductions.mp4,video,267
446,StormPigs20140807_1_shakeit.mp4,video,293
447,StormPigs20140807_2_holesonthewalls.mp4,video,459
448,StormPigs20140807_3_blueshat.mp4,video,139
449,StormPigs20140807_4_hotmess.mp4,video,615
450,StormPigs20140807_5_mulesque.mp4,video,219
451,StormPigs20140807_6_intermission.mp4,video,42
452,StormPigs20140807_7_mothershegone.mp4,video,565
453,StormPigs20140807_8_squidproquo.mp4,video,845
454,StormPigs20140807_9_newrepublic.mp4,video,210
455,StormPigs20140807_10_grinderredux.mp4,video,359
456,StormPigs20140807_11_ifyouleavemenow.mp4,video,63
457,StormPigs20140807_12_sissifoot.mp4,video,115
458,StormPigs20140807_13_shine.mp4,video,332
459,StormPigs20140807_14_thirdsowfromthesun.mp4,video,408
460,StormPigs20141227_1_littlewing.mp4,video,300
461,StormPigs20141227_2_domino.mp4,video,558
462,StormPigs20141227_3_christmassonginminor.mp4,video,840
463,StormPigs20141227_4_cowboysong.mp4,video,219
464,StormPigs20141227_5_300lbsofjoy.mp4,video,590
465,StormPigs20141227_6_carousel.mp4,video,630
466,StormPigs20141227_7_thewhipporwillandthewolf.mp4,video,949
467,StormPigs20141227_8_thankyouknobcreek.mp4,video,315
468,StormPigs20141227_9_encounter.mp4,video,961
469,StormPigs20141227_10_30stshuffle.mp4,video,464
470,StormPigs20141227_11_herecomethenatives.mp4,video,67
471,StormPigs20141227_12_hornofscarcity.mp4,video,275
472,StormPigs20150611_1_makeitresonate.mp4,video,454
473,StormPigs20150611_2_experiment456.mp4,video,288
474,StormPigs20150611_3_indefenseofsteel.mp4,video,219
475,StormPigs20150611_4_swampyinnards.mp4,video,479
476,StormPigs20150611_5_speckofdust.mp4,video,476
477,StormPigs20150611_6_bleedinginthesand.mp4,video,400
478,StormPigs20150611_7_texasmohammed.mp4,video,469
479,StormPigs20150611_8_ghostofmaybelline.mp4,video,354
480,StormPigs20150611_9_deniroswisdom.mp4,video,485
481,StormPigs20150611_10_eastersunday.mp4,video,222
482,StormPigs20150801_1_heatinthetubes.mp4,video,109
483,StormPigs20150801_2_drool.mp4,video,424
484,StormPigs20150801_3_bassplorection.mp4,video,1110
485,StormPigs20150801_4_dadinterlude.mp4,video,215
486,StormPigs20150801_5_bales.mp4,video,318
487,StormPigs20150801_6_myhoneydoanlikenoise.mp4,video,483
488,StormPigs20150801_7_mominterruptus.mp4,video,75
489,StormPigs20150801_8_masterbeatershistory.mp4,video,117
490,StormPigs20150801_9_howcanyouscrewupan.mp4,video,664
491,StormPigs20150801_10_devilstooth.mp4,video,453
492,StormPigs20150801_11_contactpatch.mp4,video,970
493,StormPigs20150801_12_givethebassistsome.mp4,video,558
494,StormPigs20150919_1_whysoglum.mp4,video,285
495,StormPigs20150919_2_thehitchbroke.mp4,video,495
496,StormPigs20150919_3_countinghootiesblowfish.mp4,video,393
497,StormPigs20150919_4_stonesnicity.mp4,video,250
498,StormPigs20150919_5_handinhand.mp4,video,835
499,StormPigs20150919_6_ahorseandagirl.mp4,video,285
500,StormPigs20150919_7_ohdontdothat.mp4,video,670
501,StormPigs20150919_8_dangerofbadcables.mp4,video,80
502,StormPigs20150919_9_whathathhewrought.mp4,video,983
503,StormPigs20150919_10_babblingbrookrushingriverlazylake.mp4,video,1060
504,StormPigs20150919_11_senseofwonder.mp4,video,775
505,StormPigs20150919_12_takeandyeshallreceive.mp4,video,897
506,StormPigs20150919_13_islandtheme.mp4,video,480
507,StormPigs20151230_1_spynovel.mp4,video,357
508,StormPigs20151230_2_rustyscorcher.mp4,video,620
509,StormPigs20151230_3_onebrightday.mp4,video,237
510,StormPigs20151230_4_holidaycheer.mp4,video,100
511,StormPigs20151230_5_oneforlemmy.mp4,video,126
512,StormPigs20151230_6_werefuse.mp4,video,435
513,StormPigs20151230_7_jinglealltheway.mp4,video,435
514,StormPigs20151230_8_natureofthebeast.mp4,video,445
515,StormPigs20151230_9_littleshotofvinegar.mp4,video,435
516,StormPigs20151230_10_fuckthewhat.mp4,video,593
517,StormPigs20151230_11_tightoperation.mp4,video,49
518,StormPigs20151230_12_alongfortheride.mp4,video,666
519,StormPigs20151230_13_gonnabegoodforyou.mp4,video,948
520,StormPigs20160921_1_aintthatapeach.mp4,video,326
521,StormPigs20160921_2_money.mp4,video,490
522,StormPigs20160921_3_dehydrateddevo.mp4,video,825
523,StormPigs20160921_4_anythingbutstraight.mp4,video,335
524,StormPigs20160921_5_whowillstoptherain.mp4,video,416
525,StormPigs20160921_6_intermiss.mp4,video,125
526,StormPigs20160921_7_electionspecial.mp4,video,552
527,StormPigs20160921_8_tastethatsmell.mp4,video,987
528,StormPigs20160921_9_everybodyin.mp4,video,547
529,StormPigs20161116_1_warmingup.mp4,video,171
530,StormPigs20161116_2_blackboots.mp4,video,340
531,StormPigs20161116_3_jammaslide.mp4,video,360
532,StormPigs20161116_4_sometimesIscream.mp4,video,490
533,StormPigs20161116_5_thetrail.mp4,video,650
534,StormPigs20161116_6_creep.mp4,video,385
535,StormPigs20161116_7_youregoingoutthatdoor.mp4,video,650
536,StormPigs20161116_8_tellyouwhat.mp4,video,452
537,StormPigs20161116_9_santeria.mp4,video,180
538,StormPigs20161116_10_1986.mp4,video,315
539,StormPigs20161116_11_protestsong.mp4,video,443
540,StormPigs20161207_1_whilemyguitargentlyweeps.mp4,video,388
541,StormPigs20161207_2_funkblast.mp4,video,555
542,StormPigs20161207_3_monkeyman.mp4,video,372
543,StormPigs20161207_4_jumpinjackflash.mp4,video,310
544,StormPigs20161207_5_starwitnessdreaming.mp4,video,750
545,StormPigs20161207_6_mysharona.mp4,video,369
546,StormPigs20161207_7_rockininthefreeworld.mp4,video,305
547,StormPigs20161207_8_25or6-to-4.mp4,video,
548,StormPigs20161207_8_25or6.mp4,video,310
549,StormPigs20161207_9_runwithme.mp4,video,690
550,StormPigs20161207_10_offthecuff.mp4,video,189
551,StormPigs20161221_1_90daysofrain.mp4,video,945
552,StormPigs20161221_2_whatisthat.mp4,video,28
553,StormPigs20161221_3_yeah.mp4,video,626
554,StormPigs20161221_4_nowaytoshakeit.mp4,video,597
555,StormPigs20161221_5_happy2016.mp4,video,390
556,StormPigs20161221_6_kickmetothecurb.mp4,video,757
557,StormPigs20161221_7_suicidesquat.mp4,video,265
558,StormPigs20161221_8_cozysituation.mp4,video,571
559,StormPigs20161221_9_noodleO.mp4,video,138
560,StormPigs20161221_10_treasonsoliloquy.mp4,video,1071
561,StormPigs20170110_1_happybirthdayPat.mp4,video,72
562,StormPigs20170110_2_londoncalling.mp4,video,217
563,StormPigs20170110_3_funk49.mp4,video,527
564,StormPigs20170110_4_whatmakesaworkingband.mp4,video,45
565,StormPigs20170110_5_icantwait.mp4,video,265
566,StormPigs20170110_6_cantletgo.mp4,video,425
567,StormPigs20170110_7_cometogether.mp4,video,328
568,StormPigs20170110_8_mrtamborineman.mp4,video,286
569,StormPigs20170110_9_itsatrap.mp4,video,369
570,StormPigs20170110_10_heatofthemoment.mp4,video,25
571,StormPigs20170509_1_suitandtied.mp4,video,280
572,StormPigs20170509_2_casteneda.mp4,video,725
573,StormPigs20170509_3_makingtime.mp4,video,544
574,StormPigs20170509_4_janevafaircloth.mp4,video,565
575,StormPigs20170509_5_almosthitbytaxi.mp4,video,351
576,StormPigs20170509_6_badguytrump.mp4,video,577
577,StormPigs20170509_7_spaceagelovesong.mp4,video,120
578,StormPigs20170509_8_deadhighwaygroove.mp4,video,89
579,StormPigs20170509_9_one-eighthsardinian.mp4,video,633
580,StormPigs20170509_10_bedtimestory.mp4,video,507
581,StormPigs20221105_1_CantYou.mp4,video,444
582,StormPigs20221105_2_Blump.mp4,video,620
583,StormPigs20221105_3_NewToy.mp4,video,775
584,StormPigs20221105_4_CoronaBlues.mp4,video,409
585,StormPigs20221105_5_Layers.mp4,video,495
586,StormPigs20221105_6_SaturdaySun.mp4,video,394
587,StormPigs20221105_7_FigureofaWailer.mp4,video,195
588,StormPigs20221105_8_RhythymofChange.mp4,video,766
589,StormPigs20221105_9_GetItDone.mp4,video,374
590,StormPigs20230725_1_StartYourEngines.mp4,video,140
591,StormPigs20230725_2_WellDagNabit.mp4,video,388
592,StormPigs20230725_3_WeAreRolling.mp4,video,360
593,StormPigs20230725_4_TheDitty.mp4,video,280
594,StormPigs20230725_5_NYCChug-A-Lug.mp4,video,300
595,StormPigs20230725_6_ThoughtfulIndirection.mp4,video,623
596,StormPigs20230725_7_KickinthePants.mp4,video,350
597,StormPigs20230725_8_InterMiss.mp4,video,60
598,StormPigs20230725_9_WaitingfortheMan.mp4,video,383
599,StormPigs20230725_10_Detroit.mp4,video,494
600,StormPigs20230725_11_FalseStart.mp4,video,60
601,StormPigs20230725_12_TheReturnofThunderFingers.mp4,video,370
602,StormPigs20230725_13_KillerontheLoose.mp4,video,449
603,StormPigs20230725_14_MaddeningMartialMadness.mp4,video,560
604,StormPigs20230725_15_Oddity.mp4,video,260
605,StormPigs20230725_16_PrettyLittleLambda.mp4,video,520
606,StormPigs20230725_17_YouCantStayHere.mp4,video,262
607,StormPigs20240718_1_forarose.mp4,video,355
608,StormPigs20240718_2_dirtypotblues.mp4,video,283
609,StormPigs20240718_3_aintsupposedtobetnwhiskey.mp4,video,548
610,StormPigs20240718_4_musicusinterruptus.mp4,video,394
611,StormPigs20240718_5_idoneadoobie.mp4,video,265
612,StormPigs20240718_6_stormfront.mp4,video,366
613,StormPigs20240718_7_feelinalright.mp4,video,550
614,StormPigs20240718_8_stubegoodsweethome.mp4,video,379
615,StormPigs20240718_9_youshookme.mp4,video,207
616,StormPigs20240718_10_beastofajane.mp4,video,438
617,StormPigs20240718_11_werewolvesoflondon.mp4,video,260
618,StormPigs20240718_12_traction.mp4,video,382
619,StormPigs20250603_1_barneymiller.mp4,video,515
620,StormPigs20250603_2_adrift.mp4,video,414
621,StormPigs20250603_3_soobtuse.mp4,video,509
622,StormPigs20250603_4_beforeyoudisappear.mp4,video,505
623,StormPigs20250603_5_sweatshop.mp4,video,282
624,StormPigs20250603_6_goodbyeoltwin.mp4,video,304
625,StormPigs20250603_7_mancinisghost.mp4,video,438
626,StormPigs20250603_8_dontwannahearaboutyou.mp4,video,372
627,StormPigs20250603_9_dearlybeloved.mp4,video,560
628,StormPigs20250603_10_epilogue.mp4,video,280
629,StormPigs20250724_1_milkrun.mp4,video,419
630,StormPigs20250724_2_thewhale.mp4,video,421
631,StormPigs20250724_3_joyousrout.mp4,video,332
632,StormPigs20250724_4_electrofunk42.mp4,video,246
633,StormPigs20250724_5_betsy.mp4,video,330
634,StormPigs20250724_6_doyou.mp4,video,499
635,StormPigs20250724_7_interhit.mp4,video,290
636,StormPigs20250724_8_bebyyourside.mp4,video,543
637,StormPigs20250724_9_maximized.mp4,video,465
638,StormPigs20250724_10_friends.mp4,video,255
639,StormPigs20250724_11_dangerousprey.mp4,video,445
640,StormPigs20250724_12_twilighthunt.mp4,video,315
641,StormPigs20250724_13_unmarkedtrail.mp4,video,810
642,StormPigs20250724_14_thekill.mp4,video,660
643,StormPigs20250724_15_wrapitup.mp4,video,220
