song_id,title,type
1,Breakdown,song
2,I like me moods,song
3,thoughts Weinberg,song
4,Turtle Bop,song
5,Get in Queue,song
6,Paean to Freddie,song
7,FunkGrooveThang,song
8,Drum Solo,song
9,Hard Space,song
10,Blues,song
11,Funk,song
12,Worried 'bout You,song
13,Lost,song
14,You're Fucked (Thomas - drums),song
15,Drum Off,song
16,Drum Intro Funk,song
17,True Blue,song
18,Nighting,song
19,Funk Jam,song
20,Ptak on the High Seas,song
21,Vision,song
22,Junkie,song
23,Deadly,song
24,Welcome Back Nick,song
25,The Other Side,song
26,Oscar,song
27,Standard,song
28,Tribute,loop
29,T-Bar Blues,loop
30,FreeFall,loop
31,Jam #47,loop
32,A Love Supreme,loop
33,Jerk Chicken,loop
34,Insightful Crap,loop
35,Blockhead,loop
36,Fame,loop
37,Gratuity,loop
38,Essence - Movements I,song
39,II,song
40,III,song
41,IV,song
42,Rob's Tasty Bit,song
43,Lithium Trip,song
44,Segue,song
45,She's Got the Itch,loop
46,Fiona Blues I,loop
47,Fiona Blues II,loop
48,Miss Your Face,loop
49,Indulge Us,loop
50,Prologue,loop
51,This Reality,loop
52,Avenue J,loop
53,Positive Camber,song
54,Outro,song
55,A Bit of the Roger in Me,song
56,Intrigue,song
57,Bad Karma,loop
58,I,loop
59,Balance Beam,loop
60,One Unhappy Norse God,song
61,My Woman Feeling,loop
62,Kickin In',loop
63,Back and There Again,loop
64,Is it Maximus or is it T-Bone?,loop
65,Glad You Could Join Us,loop
66,Hot For Jimi,loop
67,Everything was Going Just Fine..,loop
68,Travail,loop
69,Black Beauty Boots,loop
70,No Collagen,loop
71,Rise and Fall,loop
72,Counting Sheep,loop
73,extra bit,loop
74,This is the End,loop
75,Varigated Stream of Consciousness,loop
76,Gator Bait,loop
77,Shadow Walks Before,loop
78,Into the Sun,loop
79,Bumpkin,loop
80,Byte 2,loop
81,Byte 1,loop
82,Cocktails in Pamplona,loop
83,Places,loop
84,Cabby,loop
85,Til Dust Do Us Part,loop
86,Bedtime Story,loop
87,Take That Back,loop
88,Monkey Style,loop
89,All the Songs,loop
90,Take My Pill,loop
91,Gravity Makes Me Wanna Drink,loop
92,Flies,loop
93,I Feel Whole,loop
94,Jade,loop
95,My Love,loop
96,Mad Jam - Uprising,loop
97,Odiferous,loop
98,That Ole' Virus Mankind,loop
99,Love I Feel,song
100,Jenny Lopez's Dress,song
101,Willy the Weeper,song
102,In You,song
103,Amidou,song
104,Max and Tbone lead the way,song
105,Hangin' with Me,song
106,Heavy,song
107,that Load,song
108,Boiler Room Groove,song
109,Grind,song
110,Sweet Petootie Pie,song
111,Brothers,song
112,Dweezil's Dad,song
113,Motherland,song
114,Mother's Milk,song
115,You're Dead,song
116,Baby (Jon Benet),song
117,SRC Loco 613,song
118,God Within,song
119,Bright as the Sun,song
120,Sleepy Eyes (SRC's Lead),song
121,Take a Sniff,song
122,Post Jam Interview,song
123,Desperate,song
124,Tractor Pull,song
125,Brain,song
126,So Far Giant,song
127,Mutha Down,song
128,Horror Show,song
129,Hide the Body,loop
130,White of My Belly,song
131,Thy Name is Woman,song
132,Egda,song
133,Lil' House Blues,song
134,Blood Line,song
135,The Real Slim Shady,loop
136,Diggin' It Out,loop
137,political musings outtake,loop
138,School Yard Blues,loop
139,Modern Jazz,song
140,Interlewd,song
141,You're Not There (Max on drums),song
142,Say What,song
143,Bonus? (EnglishNick on drums),song
144,So Sweet,song
145,Blood One Worm,song
146,Out Behind the Wheel,song
147,the ends,song
148,Ocean Groove,song
149,Price of Freedom,loop
150,"Doc Says """"Cough""""",loop
151,Get Yourself Straight,loop
152,Street Dumb Sam,loop
153,Gone,loop
154,Liberty Rust,song
155,No Balls,song
156,Evil on Ya Baby,song
157,Stepping Out,song
158,Version 2.0,song
159,Takin' a Bad Turn,song
160,Exploring,song
161,It's Dead,song
162,Alright,song
163,Constant Ending,song
164,All I Have,song
165,Apparition,song
166,Christmas at My House,song
167,Swallow Me Whole,song
168,Push It Away,song
169,Real Pick Me Up,song
170,Osama,song
171,A Sense of It,song
172,jah is lov,song
173,Fred Schneider Hangover,song
174,Waxy Motherfucker and Monkey's Paw,song
175,no song,song
176,Yah Yah Yah!,song
177,Psilopsychic,song
178,Passing Fancy,song
179,Killing Time,song
180,Nightmood,song
181,Fever,song
182,True Life,song
183,Sunflower,song
184,You Was There,song
185,Double Barrel Sissy,song
186,Lil' Paul,song
187,Nabbed,song
188,Serious Cracker,song
189,What It's All About,song
190,Key of Angst,song
191,Any Way You Slice It,song
192,Trying to Get Us There,song
193,Sidereal Muse,song
194,Flesh Machine,song
195,Fountain of Stillness,song
196,Getting Old,song
197,Hollow Body,song
198,Addict,song
199,20030910 dvd title,song
200,the smackdown *,song
201,straight eye *,song
202,snowball from hell *,song
203,limited respect *,song
204,christmas he died *,song
205,sounding *,song
206,Ourance,song
207,Pchoff,song
208,Maximus,song
209,Snuffler,song
210,SRC,song
211,Stu,song
212,Trebor,song
213,March to War,song
214,Buddha Screams,song
215,Object May Appear Closer,song
216,Offending the White Man,song
217,Airwave Lament,song
218,Cooped Up and We Ain't No Chickens,song
219,Small Letters,song
220,Spooge,song
221,Empty Your Mind,song
222,T-bonus Track,song
223,Exposed,song
224,Death Valley,song
225,Pumpkin Song Rock Against Terror *,song
226,Ramming Speed *,song
227,filthy interlude,song
228,Nothing but Bad Noose *,song
229,Is This the Caribbean?,song
230,Town Called Malice *,song
231,Sparks *,song
232,Sympathy for el Space Diablo,song
233,The Joker Drunken Boxing remix / My Scrotum,song
234,Didn't Know What I Didn't Know,song
235,No Turning Back,song
236,Stu's Standard,song
237,Spring Cleaning,song
238,Starlight,song
239,Hale Mary *,song
240,Sex Farm break,song
241,Lost in Hallucination *,song
242,Broke Knuckles,song
243,Simple,song
244,Stupid!,song
245,Until Next Time,song
246,Folks! *,song
247,Get Off,song
248,Wallace *,song
249,Break,song
250,Shout Out from the Closet *,song
251,Extraneous Matter,song
252,Mean Ride,song
253,No Alternative *,song
254,DamnSpirograph,song
255,WeeYoYo *,song
256,DigThatHoleChineseDemocracy *,song
257,SummerNightFeelin *,song
258,HardLuckSemaphoreMonkey,song
259,NastyDancer *,song
260,Infusion *,song
261,CloudsofAsphalt,song
262,MaestroPlease,song
263,IRememberYou,song
264,SilverLining,song
265,WashedAway,song
266,Punked,song
267,Intro,song
268,Mudslide,song
269,Good Don't Matter No Mo,song
270,Hunka Chunka,song
271,Hi-Ball Motherfucker!,song
272,Lap It Up The Hard Thing *,song
273,Petri Dish,song
274,For The Money *,song
275,Attack Ships off The Shoulder of Orion,song
276,Dramatic Introduction,song
277,Bring the Pain,song
278,Dig a Little Deeper *,song
279,Space Ho *,song
280,Numba One Concept *,song
281,geetar commentary,song
282,Far From Home *,song
283,Caught in the Middle *,song
284,Opened My Third Eye,song
285,Surf Stylings,song
286,GAK,song
287,Ever the Brighter,song
288,Force Fed,song
289,That's It *,song
290,to surf and protect,song
291,we got the plums,song
292,sweet noodle,song
293,introduction of maximus,song
294,show on the road,song
295,fagens cat,song
296,sonic bullet,song
297,searching for something,song
298,muddy be them waters,song
299,Stretchin Out,song
300,Jimmy Jazz,song
301,drum intermezzo,song
302,Road Runner,song
303,It is the Question,song
304,The Eye *,song
305,Ragnorok,song
306,Nickel and Dime *,song
307,AK *,song
308,Hillbilly Blues *,song
309,What Is It You Say You Do Here *,song
310,keyboardist breakdown,song
311,Cant Please em All the Time,song
312,Disco Volante,song
313,keep me whole,song
314,lude fueled,song
315,blues groove,song
316,sweet honey jah,song
317,noodle soup,song
318,take the fng load off,song
319,wheres Carlos *,song
320,take care people,song
321,grindhouse,song
322,going nowhere *,song
323,in the line of i,song
324,demo crew,song
325,drunk song,song
326,short and sour,song
327,wherever you go *,song
328,pounding the pavement,song
329,Peter Gunn,song
330,rooting around,song
331,sometimes honey,song
332,interrogative *,song
333,slipstream,song
334,thinking out loud,song
335,The Traveler *,song
336,sneaky boy,song
337,Someones Knocking *,song
338,Zep It Up,song
339,Rhinoceros *,song
340,Pride N Joy,song
341,A-Rod Speech Impediment,song
342,Circadian Rhythym *,song
343,Dead for You,song
344,never together,song
345,White People John McCain is *,song
346,Pedro Normo,song
347,Ankhsimus Funk,song
348,Goodnight Ladies and Gentlemen,song
349,first gear,song
350,candy,song
351,tale of el gordo *,song
352,roll ya,song
353,slept on the F again,song
354,no easy piece *,song
355,we can do that,song
356,journey of 1000 miles,song
357,the sign *,song
358,shake it loose,song
359,social commentary,song
360,happy man,song
361,still on my mind,song
362,joe the plumber *,song
363,country fuck stomp,song
364,bare the mark *,song
365,sativa *,song
366,little dose *,song
367,ma babee,song
368,esoteric swamp,song
369,Creepin Up,song
370,Kick It Over,song
371,Hazard Condition,song
372,noodle blues,song
373,Arne Saknussemm *,song
374,Average White Boy Blues,song
375,Git *,song
376,The Religious Hour,song
377,We Loves Da Ladies,song
378,The Cuckhold,song
379,song to be sold to nissan,song
380,The Amero,song
381,Republican Blues *,song
382,Beds Too Big Without You,song
383,Sweet Jane,song
384,fight terror *,song
385,sunny up,song
386,utter the truth *,song
387,tighties,song
388,digital clipping,song
389,dull alarm,song
390,see through your skull,song
391,terror from the skies,song
392,slow bank,song
393,brand yourself monkey *,song
394,reign over me *,song
395,slippy *,song
396,stormpigs ass pat,song
397,warmup rocker,song
398,seborreah jazz,song
399,murray hillbilly jam,song
400,milf cries scotto,song
401,swabbed in the right places *,song
402,two man luge,song
403,fade away,song
404,proto,song
405,the mersk descended *,song
406,over forty wiring issues *,song
407,the big easy,song
408,now thats rock and roll *,song
409,lifecycle *,song
410,whats wrong with happiness,song
411,island rock,song
412,la fonque *,song
413,the flavor,song
414,mordor blues,song
415,a bad taste,song
416,nyc raga *,song
417,disjointed bitch,song
418,a nytimes force feeding *,song
419,my princess full of vice  *,song
420,the plump,song
421,faggoty jazz *,song
422,low pass interruptus,song
423,mudderhead,song
424,spaces *,song
425,velvet glambag,song
426,leave room for daddy  *,song
427,hed trip  *,song
428,gowanus,song
429,worker bee *,song
430,big pan,song
431,ridiculous interlude,song
432,biker boot honey *,song
433,hunter-thrilla *,song
434,bloodshed at the otb,song
435,wet phallus,song
436,cake bloch,song
437,heres to the yellow n blue,song
438,desperado,song
439,peach-u-lator,song
440,fake plastic trees,song
441,heartbreaker jam,song
442,blockhead,song
443,country road,song
444,as god made me,song
445,honky tank *,song
446,bayou stomp,song
447,low energy woes,song
448,big ole river *,song
449,get back,song
450,cant hardly wait,song
451,ramble on,song
452,comfort zone,song
453,intermezzo,song
454,midnight rambler,song
455,no winged pig,song
456,night descent,song
457,sympathetique a diablo,song
458,johnny b,song
459,pump,song
460,heart attack blues,song
461,lay down evilG,song
462,fBooked,song
463,charam,song
464,dirty sanchez,song
465,faith,song
466,vietnamistan,song
467,thats not a hat thats a cabbage,song
468,holiday joy,song
469,fine arab charger,song
470,fring the bunk,song
471,debtville,song
472,but who are we to say,song
473,channeling Frank,song
474,peach-y keen,song
475,let it go,song
476,side street scam,song
477,fresh as a daisy,song
478,sight for sore eyes,song
479,munsters groove,song
480,boy wants a salad,song
481,hillibilly hop,song
482,crash dive,song
483,been here before,song
484,tighty whiteys,song
485,gotsta stay positive,song
486,no reprieve bolts,song
487,radical new world,song
488,attach yourself *,song
489,sexy suburban sm,song
490,in the beginning,song
491,pchoff rant,song
492,music biz woes,song
493,austrian dance groove,song
494,submission,song
495,psycosmic cat *,song
496,ballad of skinny nick *,song
497,a stormpigs holiday toast,song
498,vfw rfd,song
499,this bottle *,song
500,play the game *,song
501,wolves and lambs,song
502,what is happening,song
503,just a reprise,song
504,dig,song
505,like an angel,song
506,the wheel turns,song
507,seven year blues *,song
508,stray cat outro,song
509,i got wood,song
510,shutup,song
511,cocoon boys,song
512,king kong,song
513,hard rocker,song
514,le batree,song
515,he blows,song
516,rumblin train,song
517,dim the lights *,song
518,jelly bean,song
519,you always do,song
520,rollin groove,song
521,sweetest alibi *,song
522,introductions,song
523,shake it *,song
524,holes on the walls,song
525,blue shat,song
526,hot mess,song
527,mulesque,song
528,intermission,song
529,mother she gone,song
530,squid pro quo,song
531,new republic,song
532,grinder redux,song
533,if you leave me now,song
534,sissifoot,song
535,shine *,song
536,third sow from the sun *,song
537,little wing,song
538,domino,song
539,christmas song in minor,song
540,cowboy song,song
541,300 lbs of joy,song
542,carousel *,song
543,the whipporwill and the wolf *,song
544,thank you knob creek,song
545,encounter *,song
546,30st shuffle,song
547,here come the natives,song
548,horn of scarcity,song
549,make it resonate,song
550,experiment 456,song
551,in defense of steel,song
552,swampy innards,song
553,speck of dust *,song
554,bleeding in the sand,song
555,texas mohammed *,song
556,ghost of maybelline,song
557,deniros wisdom,song
558,easter sunday,song
559,heatin the tubes,song
560,drool,song
561,bassplorection *,song
562,dad interlude,song
563,bales,song
564,my honey doan like noise,song
565,mom interruptus,song
566,master beaters history,song
567,how can you screw up *,song
568,devils tooth *,song
569,contact patch *,song
570,give the bassist some,song
571,why so glum,song
572,the hitch broke,song
573,counting hooties blowfish,song
574,stonesnicity,song
575,hand in hand,song
576,a horse and a girl *,song
577,oh dont do that,song
578,danger of bad cables,song
579,what hath he wrought *,song
580,babbling brook rushing river lazy lake *,song
581,sense of wonder *,song
582,take and ye shall receive *,song
583,island theme,song
584,spy novel,song
585,rusty scorcher,song
586,one bright day,song
587,holiday cheer,song
588,one for lemmy,song
589,we refuse *,song
590,jingle all the way,song
591,nature of the beast,song
592,little shot of vinegar,song
593,fuck the what,song
594,tight operation,song
595,along for the ride,song
596,gonna be good for you *,song
597,aint that a peach,song
598,money,song
599,dehydrated devo,song
600,anything but straight,song
601,who will stop the rain *,song
602,inter miss,song
603,election special *,song
604,taste that smell *,song
605,everybody in,song
606,warming up,song
607,black boots,song
608,jamma slide,song
609,sometimes I scream *,song
610,the trail *,song
611,creep,song
612,youre going out that door *,song
613,tell you what,song
614,santeria,song
615,1986 *,song
616,protest song *,song
617,while my guitar gently weeps *,song
618,funk blast,song
619,monkey man,song
620,jumpin jack flash,song
621,star witness/dreaming *,song
622,my sharona,song
623,rockin in the free world,song
624,25 or 6-to-4,song
625,run with me *,song
626,off the cuff,song
627,90 days of rain *,song
628,what is that,song
629,yeah *,song
630,no way to shake it *,song
631,happy 2016,song
632,kick me to the curb *,song
633,suicide squat,song
634,cozy situation,song
635,noodle O,song
636,treason soliloquy,song
637,happy birthday Pat,song
638,london calling *,song
639,funk 49,song
640,what makes a working band,song
641,i cant wait *,song
642,cant let go,song
643,come together *,song
644,mr tamborine man,song
645,its a trap *,song
646,heat of the moment,song
647,suit and tied *,song
648,casteneda *,song
649,making time *,song
650,janeva faircloth,song
651,almost hit by taxi,song
652,bad guy trump *,song
653,space age love song,song
654,dead highway groove,song
655,one-eighth sardinian *,song
656,bedtime story,song
657,Cant You?,song
658,Blump,song
659,New Toy,song
660,Corona Blues,song
661,Layers,song
662,Saturday Sun,song
663,Figure of a Wailer,song
664,Rhythym of Change *,song
665,Get It Done,song
666,Start Your Engines *,song
667,Well Dag Nabit *,song
668,We Are Rolling,song
669,The Ditty,song
670,NYC Chug-A-Lug,song
671,Thoughtful Indirection,song
672,Kick in the Pants *,song
673,Inter Miss,song
674,Waiting for the Man,song
675,Detroit *,song
676,False Start,song
677,The Return of Thunder Fingers,song
678,Killer on the Loose,song
679,Maddening Martial Madness,song
680,Oddity,song
681,Pretty Little Lambda,song
682,You Cant Stay Here,song
683,for a rose *,song
684,dirty pot blues,song
685,aint supposed to be tn whiskey,song
686,musicus interruptus,song
687,i done a doobie,song
688,storm front,song
689,feelin alright,song
690,stu be good sweet home,song
691,you shook me,song
692,beast of a jane,song
693,werewolves of london,song
694,traction *,song
695,barney miller,song
696,adrift,song
697,so obtuse *,song
698,before you disappear *,song
699,sweat shop,song
700,goodbye ol twin,song
701,mancinis ghost,song
702,dont wanna hear about you,song
703,dearly beloved,song
704,epilogue,song
